Label,# 样本,平均值,最小值,最大值,标准偏差,异常 %,吞吐量,接收 KB/sec,发送 KB/sec,平均字节数
HTTP请求,9962,844,5,6708,619.19,0.000%,321.50003,101399.67,86.34,322965.0
总体,9962,844,5,6708,619.19,0.000%,321.50003,101399.67,86.34,322965.0
