Label,# 样本,平均值,最小值,最大值,标准偏差,异常 %,吞吐量,接收 KB/sec,发送 KB/sec,平均字节数
HTTP请求,66896,208,1,7355,526.43,0.383%,2044.87375,2465.34,547.62,1234.6
总体,66896,208,1,7355,526.43,0.383%,2044.87375,2465.34,547.62,1234.6
